date;cases;deaths
2020-03-01;1;0
2020-03-02;1;0
2020-03-03;2;0
2020-03-04;11;0
2020-03-05;22;0
2020-03-06;44;0
2020-03-07;89;0
2020-03-08;106;0
2020-03-09;142;0
2020-03-10;173;0
2020-03-11;217;0
2020-03-12;326;0
2020-03-13;421;0
2020-03-14;610;2
2020-03-15;732;6
2020-03-16;950;10
2020-03-17;1375;18
2020-03-18;2387;32
2020-03-19;4161;39
2020-03-20;7113;68
2020-03-21;10371;95
2020-03-22;15188;142
2020-03-23;20899;183
2020-03-24;25704;264
2020-03-25;33117;381
2020-03-26;39058;502
2020-03-27;44746;645
2020-03-28;53517;935
2020-03-29;59783;1180
2020-03-30;67504;1512
2020-03-31;76211;1929
2020-04-01;84364;2415
2020-04-02;93360;2963
2020-04-03;103689;3716
2020-04-04;115963;4535
2020-04-05;124085;5335
2020-04-06;133389;6149
2020-04-07;141703;7185
2020-04-08;151271;8138
2020-04-09;162036;9166
2020-04-10;172830;10162
2020-04-11;182990;11159
2020-04-12;191425;12116
2020-04-13;197973;12998
2020-04-14;205375;14001
2020-04-15;217130;14937
2020-04-16;225761;15669
2020-04-17;233293;16473
2020-04-18;240542;17141
2020-04-19;246741;17793
2020-04-20;251608;18412
2020-04-21;255932;19040
2020-04-22;261591;19647
2020-04-23;267932;20212
2020-04-24;276218;20759
2020-04-25;286901;21326
2020-04-26;292914;21804
2020-04-27;296991;22267
2020-04-28;300276;22777
2020-04-29;304994;23287
2020-04-30;309696;23616
2020-05-01;313575;23841
2020-05-02;318134;24035
2020-05-03;321833;24576
2020-05-04;324357;24788
2020-05-05;326659;25028
2020-05-06;329405;25956
2020-05-07;332931;26206
2020-05-08;335804;26358
2020-05-09;338519;26584
2020-05-10;340657;26798
2020-05-11;342267;27003
2020-05-12;343705;27282
2020-05-13;345828;27448
2020-05-14;348192;27617
2020-05-15;350951;27755
2020-05-16;353136;27953
2020-05-17;355037;28168
2020-05-18;356278;28302
2020-05-19;357757;28437
2020-05-20;359235;28540
2020-05-21;361313;28663
2020-05-22;362991;28802
2020-05-23;364745;28900
2020-05-24;366346;29046
2020-05-25;367625;29138
2020-05-26;368669;29241
2020-05-27;369801;29339
2020-05-28;371559;29438
2020-05-29;373108;29535
2020-05-30;374471;29612
2020-05-31;375575;29699
2020-06-01;376520;29766
2020-06-02;377881;29847
2020-06-03;378924;29918
2020-06-04;379977;30011
2020-06-05;381019;30066
2020-06-06;382102;30123
2020-06-07;382879;30183
2020-06-08;383591;30239
2020-06-09;384281;30309
2020-06-10;384945;30376
2020-06-11;385669;30431
2020-06-12;386490;30511
2020-06-13;387402;30565
2020-06-14;388096;30605
2020-06-15;388719;30645
2020-06-16;389349;30683
2020-06-17;389910;30722
2020-06-18;390536;30767
2020-06-19;391330;30816
2020-06-20;392037;30839
2020-06-21;392702;30884
2020-06-22;393257;30934
2020-06-23;393855;30970
2020-06-24;394430;31001
2020-06-25;395168;31029
2020-06-26;395972;31075
2020-06-27;396669;31105
2020-06-28;397293;31137
2020-06-29;397684;31143
2020-06-30;398142;31776
2020-07-01;398770;31791
2020-07-02;399642;31814
2020-07-03;400561;31836
2020-07-04;401286;31860
2020-07-05;401822;31895
2020-07-06;402338;31911
2020-07-07;402928;31934
2020-07-08;403619;31945
2020-07-09;404207;31979
2020-07-10;404997;32004
2020-07-11;405724;32019
2020-07-12;406403;32029
2020-07-13;406962;32075
2020-07-14;407875;32092
2020-07-15;408709;32115
2020-07-16;409476;32133
2020-07-17;410254;32147
2020-07-18;411006;32167
2020-07-19;411515;32187
2020-07-20;412034;32203
2020-07-21;412889;32218
2020-07-22;413595;32228
2020-07-23;414405;32270
2020-07-24;415163;32278
2020-07-25;415911;32295
2020-07-26;416443;32305
2020-07-27;417056;32322
2020-07-28;417591;32333
2020-07-29;418302;32342
2020-07-30;419081;32362
2020-07-31;419723;32372
2020-08-01;420477;32390
2020-08-02;421008;32401
2020-08-03;421550;32413
2020-08-04;422296;32422
2020-08-05;422935;32431
2020-08-06;423629;32329
2020-08-07;424349;32336
2020-08-08;425055;32345
2020-08-09;425568;32354
2020-08-10;426046;32361
2020-08-11;426713;32372
2020-08-12;427419;32384
2020-08-13;428155;32399
2020-08-14;428879;32407
2020-08-15;429617;32414
2020-08-16;430226;32424
2020-08-17;430636;32435
2020-08-18;431298;32446
2020-08-19;431924;32451
2020-08-20;432523;32451
2020-08-21;433230;32456
2020-08-22;433881;32464
2020-08-23;434462;32482
2020-08-24;434866;32489
2020-08-25;435495;32495
2020-08-26;436063;32499
2020-08-27;436852;32507
2020-08-28;437487;32515
2020-08-29;438122;32522
2020-08-30;438831;32534
2020-08-31;439480;32541
2020-09-01;440237;32551
2020-09-02;440947;32559
2020-09-03;441835;32567
2020-09-04;442698;32573
2020-09-05;443497;32579
2020-09-06;444226;32585
2020-09-07;444751;32600
2020-09-08;445308;32612
2020-09-09;445881;32611
2020-09-10;446637;32618
2020-09-11;447498;32619
2020-09-12;448347;32625
2020-09-13;449072;32629
2020-09-14;449658;32639
2020-09-15;450425;32655
2020-09-16;451078;32662
2020-09-17;451971;32669
2020-09-18;452764;32682
2020-09-19;453747;32679
2020-09-20;454612;32686
2020-09-21;455187;32691
2020-09-22;455938;32690
2020-09-23;456604;32691
2020-09-24;457557;32696
2020-09-25;458466;32708
2020-09-26;459472;32713
2020-09-27;460340;32722
2020-09-28;461176;32737
2020-09-29;462364;32743
2020-09-30;463369;32757
2020-10-01;464752;32768
2020-10-02;466353;32789
2020-10-03;468081;32794
2020-10-04;469307;32813
2020-10-05;470244;32827
2020-10-06;471638;32836
2020-10-07;472994;32850
2020-10-08;474829;32859
2020-10-09;476422;32867
2020-10-10;477870;32875
2020-10-11;479013;32879
2020-10-12;480045;32896
2020-10-13;481436;32905
2020-10-14;482671;32916
2020-10-15;484135;32935
2020-10-16;485838;32944
2020-10-17;487626;32959
2020-10-18;489016;32972
2020-10-19;490015;32990
2020-10-20;491216;32998
2020-10-21;493245;33005
2020-10-22;494874;33022
2020-10-23;496510;33038
2020-10-24;498568;33049
2020-10-25;500201;33059
2020-10-26;501393;33073
2020-10-27;503387;33092
2020-10-28;505416;33107
2020-10-29;507913;33128
2020-10-30;510171;33143
2020-10-31;512223;33152
2020-11-01;514482;33174
2020-11-02;516114;33187
2020-11-03;518431;33198
2020-11-04;520557;33222
2020-11-05;523559;33247
2020-11-06;526767;33267
2020-11-07;530354;33287
2020-11-08;533784;33314
2020-11-09;536933;33343
2020-11-10;540897;33373
2020-11-11;545718;33398
2020-11-12;550516;33424
2020-11-13;555917;33452
2020-11-14;561308;33477
2020-11-15;564952;33508
2020-11-16;568450;33540
2020-11-17;573544;33576
2020-11-18;578826;33607
2020-11-19;584128;33648
2020-11-20;589605;33696
2020-11-21;595581;33737
2020-11-22;600967;33767
2020-11-23;606878;33804
2020-11-24;611756;33847
2020-11-25;618023;33890
2020-11-26;624961;33959
2020-11-27;633140;34004
2020-11-28;639200;34049
2020-11-29;645932;34101
2020-11-30;652748;34150
2020-12-01;660041;34222
2020-12-02;669016;34286
2020-12-03;678869;34346
2020-12-04;690143;34409
2020-12-05;700902;34488
2020-12-06;710612;34552
2020-12-07;718991;34637
2020-12-08;728010;34723
2020-12-09;738947;34799
2020-12-10;749204;34884
2020-12-11;759765;34983
2020-12-12;770804;35074
2020-12-13;780831;35198
2020-12-14;789815;35288
2020-12-15;799551;35425
2020-12-16;808929;35522
2020-12-17;819427;35647
2020-12-18;832033;35775
2020-12-19;841946;35897
2020-12-20;851400;36017
2020-12-21;860856;36147
2020-12-22;871155;36300
2020-12-23;882895;36454
2020-12-24;896242;36604
2020-12-25;909123;36739
2020-12-26;920171;36870
2020-12-27;928376;37000
2020-12-28;938710;37118
2020-12-29;950730;37256
2020-12-30;963647;37412
2020-12-31;979040;37557
2021-01-01;996073;37733
2021-01-02;1011922;37854
2021-01-03;1024154;38001
2021-01-04;1035396;38167
2021-01-05;1048538;38315
2021-01-06;1064554;38486
2021-01-07;1082142;38683
2021-01-08;1101702;38846
2021-01-09;1119541;39041
2021-01-10;1135849;39208
2021-01-11;1150028;39404
2021-01-12;1164819;39588
2021-01-13;1179523;39760
2021-01-14;1193710;39997
2021-01-15;1213179;40203
2021-01-16;1229124;40376
2021-01-17;1242818;40570
2021-01-18;1256228;40753
2021-01-19;1268949;40933
2021-01-20;1280068;41148
2021-01-21;1293976;41348
2021-01-22;1309660;41530
2021-01-23;1323569;41694
2021-01-24;1335952;41889
2021-01-25;1347924;42090
2021-01-26;1358964;42273
2021-01-27;1369329;42434
2021-01-28;1383112;42639
2021-01-29;1396063;42825
2021-01-30;1408955;42996
2021-01-31;1420164;43178
2021-02-01;1429096;43354
2021-02-02;1437045;43524
2021-02-03;1444199;43687
2021-02-04;1451169;43842
2021-02-05;1459066;44012
2021-02-06;1470558;44210
2021-02-07;1480481;44387
2021-02-08;1489453;44512
2021-02-09;1497732;44683
2021-02-10;1504316;44851
2021-02-11;1514327;44992
2021-02-12;1523042;45138
2021-02-13;1531797;45295
2021-02-14;1540127;45431
2021-02-15;1546665;45552
2021-02-16;1553374;45683
2021-02-17;1559299;45807
2021-02-18;1568881;45957
2021-02-19;1577454;46119
2021-02-20;1585692;46233
2021-02-21;1591929;46346
2021-02-22;1598226;46454
2021-02-23;1605149;46562
2021-02-24;1611288;46680
2021-02-25;1620181;46790
2021-02-26;1628255;46914
2021-02-27;1636297;47025
2021-02-28;1644124;47143
2021-03-01;1650560;47247
2021-03-02;1656941;47345
2021-03-03;1663505;47464
2021-03-04;1670973;47565
2021-03-05;1679124;47672
2021-03-06;1687250;47767
2021-03-07;1694908;47857
2021-03-08;1700348;47921
2021-03-09;1707181;48000
2021-03-10;1713287;48092
2021-03-11;1720456;48208
2021-03-12;1728900;48277
2021-03-13;1734933;48370
2021-03-14;1741620;48475
2021-03-15;1748739;48537
2021-03-16;1755450;48624
2021-03-17;1762032;48686
2021-03-18;1767547;48773
2021-03-19;1772624;48848
2021-03-20;1779291;48916
2021-03-21;1783026;48942
2021-03-22;1787934;48959
2021-03-23;1794735;48977
2021-03-24;1814919;49231
2021-03-25;1823602;49305
2021-03-26;1831605;49363
2021-03-27;1840338;49446
2021-03-28;1849190;49537
2021-03-29;1858162;49648
2021-03-30;1863912;49696
2021-03-31;1871595;49790
2021-04-01;1880768;49872
2021-04-02;1888823;49946
2021-04-03;1896534;50042
2021-04-04;1904141;50124
2021-04-05;1910858;50195
2021-04-06;1916964;50239
2021-04-07;1923414;50332
2021-04-08;1932145;50388
2021-04-09;1940703;50465
2021-04-10;1948232;50527
2021-04-11;1954809;50610
2021-04-12;1960567;50693
2021-04-13;1965610;50745
2021-04-14;1971610;50839
2021-04-15;1978594;50912
2021-04-16;1984884;50965
2021-04-17;1991271;51034
2021-04-18;1996876;51077
2021-04-19;2002053;51122
2021-04-20;2006712;51183
2021-04-21;2010967;51228
2021-04-22;2016244;51299
2021-04-23;2021094;51361
2021-04-24;2025257;51419
2021-04-25;2029307;51471
2021-04-26;2032325;51511
2021-04-27;2035668;51587
2021-04-28;2038668;51608
2021-04-29;2042530;51677
2021-04-30;2046322;51728
2021-05-01;2050174;51791
2021-05-02;2053027;51830
2021-05-03;2055467;51889
2021-05-04;2057701;51949
2021-05-05;2060075;52005
2021-05-06;2062707;52038
2021-05-07;2065172;52077
2021-05-08;2068200;52118
2021-05-09;2070603;52155
2021-05-10;2072264;52192
2021-05-11;2073713;52234
2021-05-12;2075757;52291
2021-05-13;2077961;52332
2021-05-14;2080000;52366
2021-05-15;2081761;52377
2021-05-16;2083649;52417
2021-05-17;2085028;52449
2021-05-18;2086577;52480
2021-05-19;2087900;52505
2021-05-20;2089547;52531
2021-05-21;2091142;52555
2021-05-22;2092455;52572
2021-05-23;2093529;52591
2021-05-24;2094493;52621
2021-05-25;2095438;52638
2021-05-26;2096320;52664
2021-05-27;2097465;52685
2021-05-28;2098395;52710
2021-05-29;2099261;52724
2021-05-30;2100109;52740
2021-05-31;2100633;52758
2021-06-01;2101111;52784
2021-06-02;2101514;52793
2021-06-03;2102003;52811
2021-06-04;2102760;52840
2021-06-05;2103612;52852
2021-06-06;2104103;52885
2021-06-07;2104622;52895
2021-06-08;2105081;52906
2021-06-09;2105507;52914
2021-06-10;2106056;52927
2021-06-11;2106742;52942
2021-06-12;2107172;52958
2021-06-13;2107535;52968
2021-06-14;2107912;52977
2021-06-15;2108249;52993
2021-06-16;2108535;52995
2021-06-17;2108978;53009
2021-06-18;2109393;53017
2021-06-19;2109782;53024
2021-06-20;2110069;53026
2021-06-21;2110346;53034
2021-06-22;2110612;53048
2021-06-23;2110862;53056
2021-06-24;2111245;53052
2021-06-25;2111588;53060
2021-06-26;2111933;53066
2021-06-27;2112307;53081
2021-06-28;2112628;53089
2021-06-29;2112872;53093
2021-06-30;2113147;53095
2021-07-01;2113544;53107
2021-07-02;2114018;53109
2021-07-03;2114297;53109
2021-07-04;2114609;53118
2021-07-05;2114985;53122
2021-07-06;2115292;53127
2021-07-07;2115633;53134
2021-07-08;2116270;53138
2021-07-09;2117024;53142
2021-07-10;2117754;53149
2021-07-11;2118565;53151
2021-07-12;2119207;53153
2021-07-13;2119875;53159
2021-07-14;2120600;53170
2021-07-15;2121529;53175
2021-07-16;2122158;53176
2021-07-17;2123579;53181
2021-07-18;2124722;53191
2021-07-19;2125663;53195
2021-07-20;2126775;53200
2021-07-21;2127867;53207
2021-07-22;2129478;53214
2021-07-23;2131176;53216
2021-07-24;2133044;53219
2021-07-25;2135076;53228
2021-07-26;2136602;53235
2021-07-27;2138250;53236
2021-07-28;2140050;53248
2021-07-29;2142694;53250
2021-07-30;2145309;53257
2021-07-31;2148445;53266
2021-08-01;2151035;53274
2021-08-02;2153243;53281
2021-08-03;2156305;53294
2021-08-04;2159139;53301
2021-08-05;2162581;53315
2021-08-06;2166341;53318
2021-08-07;2170878;53331
2021-08-08;2174515;53346
2021-08-09;2176196;53352
2021-08-10;2177918;53360
2021-08-11;2185142;53400
2021-08-12;2190012;53429
2021-08-13;2194646;53439
2021-08-14;2199321;53454
2021-08-15;2203359;53476
2021-08-16;2207567;53486
2021-08-17;2211095;53519
2021-08-18;2215603;53532
2021-08-19;2220673;53548
2021-08-20;2224579;53564
2021-08-21;2230754;53601
2021-08-22;2235347;53620
2021-08-23;2239183;53646
2021-08-24;2242677;53662
2021-08-25;2246408;53691
2021-08-26;2251779;53722
2021-08-27;2258143;53745
2021-08-28;2263726;53769
2021-08-29;2266362;53792
2021-08-30;2272334;53823
2021-08-31;2276228;53847
2021-09-01;2280354;53875
2021-09-02;2285643;53925
2021-09-03;2291562;53949
2021-09-04;2294936;53965
2021-09-05;2301437;54007
2021-09-06;2305126;54037
2021-09-07;2308382;54069
2021-09-08;2310837;54088
2021-09-09;2317291;54156
2021-09-10;2323174;54174
2021-09-11;2329234;54211
2021-09-12;2332969;54230
2021-09-13;2338377;54271
2021-09-14;2342490;54317
2021-09-15;2347298;54350
2021-09-16;2354028;54395
2021-09-17;2360066;54424
2021-09-18;2363352;54441
2021-09-19;2371076;54479
2021-09-20;2374833;54502
2021-09-21;2380164;54559
2021-09-22;2384698;54602
2021-09-23;2389735;54641
2021-09-24;2395880;54702
2021-09-25;2399678;54718
2021-09-26;2406466;54769
2021-09-27;2409292;54785
2021-09-28;2414540;54822
2021-09-29;2419556;54886
2021-09-30;2424535;54933
2021-10-01;2430353;54976
2021-10-02;2433689;54993
2021-10-03;2437085;55016
2021-10-04;2443345;55057
2021-10-05;2447269;55090
2021-10-06;2453544;55131
2021-10-07;2459146;55150
2021-10-08;2464979;55203
2021-10-09;2468518;55229
2021-10-10;2470595;55253
2021-10-11;2478477;55304
2021-10-12;2481730;55347
2021-10-13;2486254;55402
2021-10-14;2490768;55447
2021-10-15;2497110;55465
2021-10-16;2501128;55484
2021-10-17;2504277;55514
2021-10-18;2509666;55557
2021-10-19;2512960;55588
2021-10-20;2517737;55625
2021-10-21;2522102;55664
2021-10-22;2525802;55702
2021-10-23;2529266;55732
2021-10-24;2531418;55756
2021-10-25;2536439;55806
2021-10-26;2538935;55840
2021-10-27;2543076;55879
2021-10-28;2546275;55902
2021-10-29;2552009;55942
2021-10-30;2555136;55969
2021-10-31;2557930;55995
2021-11-01;2563625;56044
2021-11-02;2566536;56067
2021-11-03;2570550;56114
2021-11-04;2575181;56144
2021-11-05;2580040;56191
2021-11-06;2583891;56225
2021-11-07;2587606;56245
2021-11-08;2593360;56280
2021-11-09;2597571;56323
2021-11-10;2602610;56360
2021-11-11;2609293;56400
2021-11-12;2615549;56439
2021-11-13;2620644;56454
2021-11-14;2624840;56475
2021-11-15;2631992;56508
2021-11-16;2637053;56551
2021-11-17;2643081;56584
2021-11-18;2651196;56619
2021-11-19;2658788;56663
2021-11-20;2664344;56681
2021-11-21;2673149;56714
2021-11-22;2678465;56741
2021-11-23;2684084;56775
2021-11-24;2691097;56816
2021-11-25;2697859;56840
2021-11-26;2706059;56861
2021-11-27;2709306;56917
2021-11-28;2713812;56944
2021-11-29;2721968;56993
2021-11-30;2728612;57049
2021-12-01;2737932;57107
2021-12-02;2749263;57158
2021-12-03;2760505;57211
2021-12-04;2768147;57241
2021-12-05;2775977;57273
2021-12-06;2787506;57332
2021-12-07;2796043;57396
2021-12-08;2805294;57449
2021-12-09;2816974;57507
2021-12-10;2828288;57572
2021-12-11;2836160;57622
2021-12-12;2843444;57671
2021-12-13;2858513;57724
2021-12-14;2867444;57788
2021-12-15;2879827;57867
2021-12-16;2897347;57911
2021-12-17;2917910;57989
2021-12-18;2928229;58037
2021-12-19;2956489;58097
2021-12-20;2976928;58147
2021-12-21;3003384;58221
2021-12-22;3031844;58292
2021-12-23;3065699;58373
2021-12-24;3098290;58422
2021-12-25;3098290;58422
2021-12-26;3184452;58465
2021-12-27;3214893;58604
2021-12-28;3263729;58650
2021-12-29;3324088;58820
2021-12-30;3395166;58917
2021-12-31;3473970;58993
2022-01-01;3555047;59072
2022-01-02;3617589;59152
2022-01-03;3678042;59240
2022-01-04;3729331;59339
2022-01-05;3804480;59485
2022-01-06;3884858;59631
2022-01-07;3966952;59827
2022-01-08;4057084;59913
2022-01-09;4136861;60083
2022-01-10;4194745;60162
2022-01-11;4244155;60428
2022-01-12;4299066;60638
2022-01-13;4361115;60876
2022-01-14;4408467;61099
2022-01-15;4456337;61193
2022-01-16;4507601;61259
2022-01-17;4534373;61522
2022-01-18;4556685;61859
2022-01-19;4580060;62117
2022-01-20;4610691;62319
2022-01-21;4638987;62543
2022-01-22;4666630;62632
2022-01-23;4686169;62853
2022-01-24;4698835;62960
2022-01-25;4714703;63264
2022-01-26;4730351;63505
2022-01-27;4747515;63697
2022-01-28;4761590;63910
2022-01-29;4774123;64113
2022-01-30;4779854;64176
2022-01-31;4789532;64247
2022-02-01;4796000;64461
2022-02-02;4804328;64646
2022-02-03;4814634;64812
2022-02-04;4822350;64965
2022-02-05;4827018;65013
2022-02-06;4835502;65148
2022-02-07;4839530;65217
2022-02-08;4843719;65402
2022-02-09;4849690;65553
2022-02-10;4857125;65665
2022-02-11;4861945;65785
2022-02-12;4864803;65785
2022-02-13;4870144;65912
2022-02-14;4872741;65943
2022-02-15;4875031;66078
2022-02-16;4878130;66152
2022-02-17;4881848;66224
2022-02-18;4886716;66303
2022-02-19;4888802;66322
2022-02-20;4890443;66349
2022-02-21;4894236;66418
2022-02-22;4895859;66485
2022-02-23;4898058;66544
2022-02-24;4900723;66602
2022-02-25;4903132;66658
2022-02-26;4904574;66681
2022-02-27;4907229;66726
2022-02-28;4908495;66741
2022-03-01;4909771;66791
2022-03-02;4911447;66829
2022-03-03;4913870;66863
2022-03-04;4914637;66895
2022-03-05;4917196;66907
2022-03-06;4920181;66940
2022-03-07;4921272;66955
2022-03-08;4922305;66990
2022-03-09;4923926;66995
2022-03-10;4925680;67003
2022-03-11;4927976;67027
2022-03-12;4928980;67027
2022-03-13;4931658;67067
2022-03-14;4932742;67073
2022-03-15;4935240;67105
2022-03-16;4937364;67145
2022-03-17;4939755;67172
2022-03-18;4941880;67191
2022-03-19;4943481;67194
2022-03-20;4946816;67198
2022-03-21;4948160;67203
2022-03-22;4949516;67218
2022-03-23;4953072;67238
2022-03-24;4956766;67242
2022-03-25;4960146;67254
2022-03-26;4961905;67264
2022-03-27;4966262;67276
2022-03-28;4968589;67285
2022-03-29;4970905;67299
2022-03-30;4973964;67306
2022-03-31;4978875;67313
2022-04-01;4982764;67330
2022-04-02;4985141;67334
2022-04-03;4987149;67341
2022-04-04;4993542;67354
2022-04-05;4996128;67357
2022-04-06;4999644;67369
2022-04-07;5005809;67378
2022-04-08;5011544;67387
2022-04-09;5014807;67394
2022-04-10;5018213;67401
2022-04-11;5027587;67413
2022-04-12;5031095;67427
2022-04-13;5036645;67442
2022-04-14;5044079;67447
2022-04-15;5050965;67459
2022-04-16;5055230;67459
2022-04-17;5058582;67459
2022-04-18;5068947;67470
2022-04-19;5073609;67507
2022-04-20;5080508;67525
2022-04-21;5087631;67547
2022-04-22;5096091;67557
2022-04-23;5100177;67561
2022-04-24;5104382;67572
2022-04-25;5114160;67587
2022-04-26;5118962;67605
2022-04-27;5126231;67625
2022-04-28;5136083;67648
2022-04-29;5144886;67664
2022-04-30;5150193;67684
2022-05-01;5154714;67694
2022-05-02;5166413;67711
2022-05-03;5172487;67727
2022-05-04;5180822;67745
2022-05-05;5191562;67770
2022-05-06;5202698;67786
2022-05-07;5209140;67797
2022-05-08;5215540;67816
2022-05-09;5232634;67837
2022-05-10;5239296;67865
2022-05-11;5248641;67892
2022-05-12;5262629;67913
2022-05-13;5274472;67938
2022-05-14;5280834;67953
2022-05-15;5286182;67971
2022-05-16;5301899;68004
2022-05-17;5309983;68033
2022-05-18;5320730;68055
2022-05-19;5332600;68084
2022-05-20;5343396;68112
2022-05-21;5343396;68112
2022-05-22;5352710;68140
2022-05-23;5369376;68165
2022-05-24;5376056;68206
2022-05-25;5384203;68237
2022-05-26;5394508;68254
2022-05-27;5404333;68292
2022-05-28;5404333;68292
2022-05-29;5404333;68292
2022-05-30;5404333;68292
2022-05-31;5428274;68327
2022-06-01;5433881;68383
2022-06-02;5439906;68413
2022-06-03;5448458;68440
2022-06-04;5451859;68460
2022-06-05;5454480;68470
2022-06-06;5466857;68489
2022-06-07;5471652;68526
2022-06-08;5478718;68556
2022-06-09;5485426;68581
2022-06-10;5488041;68589
2022-06-11;5490444;68597
2022-06-12;5492398;68597
2022-06-13;5506904;68624
2022-06-14;5510697;68680
2022-06-15;5515340;68712
2022-06-16;5521537;68743
2022-06-17;5527191;68759
2022-06-18;5529583;68759
2022-06-19;5531416;68759
2022-06-20;5532863;68759
2022-06-21;5545860;68781
2022-06-22;5549995;68829
2022-06-23;5555804;68869
2022-06-24;5563095;68886
2022-06-25;5565498;68886
2022-06-26;5567573;68886
2022-06-27;5579899;68899
2022-06-28;5584234;68943
2022-06-29;5589488;68967
2022-06-30;5596869;68988
2022-07-01;5604401;69011
2022-07-02;5607336;69011
2022-07-03;5609533;69011
2022-07-04;5611362;69020
2022-07-05;5627516;69037
2022-07-06;5632283;69051
2022-07-07;5638156;69106
2022-07-08;5647470;69118
2022-07-09;5650598;69118
2022-07-10;5653107;69118
2022-07-11;5668334;69141
2022-07-12;5676121;69182
2022-07-13;5682130;69201
2022-07-14;5691891;69223
2022-07-15;5700453;69245
2022-07-16;5703638;69245
2022-07-17;5706285;69245
2022-07-18;5722320;69268
2022-07-19;5727636;69322
2022-07-20;5735607;69352
2022-07-21;5744579;69369
2022-07-22;5752964;69408
2022-07-23;5756123;69408
2022-07-24;5758805;69408
2022-07-25;5773608;69435
2022-07-26;5778917;69495
2022-07-27;5785423;69522
2022-07-28;5793691;69564
2022-07-29;5796900;69576
2022-07-30;5799922;69576
2022-07-31;5802579;69576
2022-08-01;5821036;69628
2022-08-02;5825470;69689
2022-08-03;5828675;69697
2022-08-04;5840606;69763
2022-08-05;5848249;69794
2022-08-06;5850790;69794
2022-08-07;5852939;69794
2022-08-08;5864089;69815
2022-08-09;5868484;69877
2022-08-10;5874882;69911
2022-08-11;5882394;69941
2022-08-12;5888845;69976
2022-08-13;5891418;69976
2022-08-14;5893546;69976
2022-08-15;5900333;70001
2022-08-16;5902192;70026
2022-08-17;5911816;70079
2022-08-18;5917733;70102
2022-08-19;5923462;70130
2022-08-20;5925952;70130
2022-08-21;5928033;70130
2022-08-22;5937264;70162
2022-08-23;5941134;70216
2022-08-24;5945342;70248
2022-08-25;5951183;70273
2022-08-26;5956144;70290
2022-08-27;5958345;70290
2022-08-28;5960376;70290
2022-08-29;5968639;70330
2022-08-30;5971989;70374
2022-08-31;5975934;70403
2022-09-01;5981489;70441
2022-09-02;5985714;70458
2022-09-03;5987951;70458
2022-09-04;5989830;70458
2022-09-05;5991162;70458
2022-09-06;5999853;70499
2022-09-07;6003329;70551
2022-09-08;6007018;70581
2022-09-09;6009470;70588
2022-09-10;6011665;70588
2022-09-11;6014083;70588
2022-09-12;6023808;70643
2022-09-13;6026783;70697
2022-09-14;6031598;70733
2022-09-15;6033898;70740
2022-09-16;6041536;70780
2022-09-17;6044796;70780
2022-09-18;6047070;70780
2022-09-19;6055837;70802
2022-09-20;6059413;70850
2022-09-21;6064374;70875
2022-09-22;6070978;70894
2022-09-23;6076941;70920
2022-09-24;6079789;70920
2022-09-25;6082194;70920
2022-09-26;6090273;70936
2022-09-27;6093545;70981
2022-09-28;6097881;71008
2022-09-29;6103582;71073
2022-09-30;6109107;71097
2022-10-01;6111750;71097
2022-10-02;6113898;71097
2022-10-03;6122102;71124
2022-10-04;6125135;71167
2022-10-05;6129292;71186
2022-10-06;6134586;71224
2022-10-07;6139022;71257
2022-10-08;6141662;71257
2022-10-09;6143840;71257
2022-10-10;6145553;71257
2022-10-11;6154746;71298
2022-10-12;6158609;71373
2022-10-13;6163421;71422
2022-10-14;6166185;71435
2022-10-15;6168370;71435
2022-10-16;6170556;71435
2022-10-17;6181479;71481
2022-10-18;6184627;71541
2022-10-19;6188598;71589
2022-10-20;6193728;71623
2022-10-21;6198574;71840
2022-10-22;6200626;71840
2022-10-23;6202365;71840
2022-10-24;6210099;71874
2022-10-25;6213286;71937
2022-10-26;6217634;72393
2022-10-27;6223314;72424
2022-10-28;6228543;72414
2022-10-29;6230820;72414
2022-10-30;6232565;72414
2022-10-31;6241217;72399
2022-11-01;6244198;72437
2022-11-02;6248012;72468
2022-11-03;6253375;72505
2022-11-04;6258681;72537
2022-11-05;6260856;72537
2022-11-06;6262784;72537
2022-11-07;6272789;72572
2022-11-08;6274325;72619
2022-11-09;6280581;72667
2022-11-10;6286317;72674
2022-11-11;6288122;76406
2022-11-12;6289735;76406
2022-11-13;6291147;76406
2022-11-14;6302495;76407
2022-11-15;6305957;76445
2022-11-16;6309897;76488
2022-11-17;6315469;76506
2022-11-18;6320328;76525
2022-11-19;6322200;76525
2022-11-20;6323637;76525
2022-11-21;6331740;76539
2022-11-22;6334600;76564
2022-11-23;6338021;76618
2022-11-24;6340383;76618
2022-11-25;6342118;76618
2022-11-26;6343119;76618
2022-11-27;6344503;76618
2022-11-28;6357517;76665
2022-11-29;6363550;76709
2022-11-30;6370527;76738
2022-12-01;6380036;76759
2022-12-02;6388095;76783
2022-12-03;6390906;76783
2022-12-04;6392764;76783
2022-12-05;6404665;76805
2022-12-06;6409790;76842
2022-12-07;6415690;76871
2022-12-08;6423868;77173
2022-12-09;6431394;77194
2022-12-10;6434003;77194
2022-12-11;6436710;77194
2022-12-12;6449500;77227
2022-12-13;6454678;77272
2022-12-14;6460218;77303
2022-12-15;6468605;77331
2022-12-16;6476461;77336
2022-12-17;6479369;77336
2022-12-18;6481785;77336
2022-12-19;6495361;77378
2022-12-20;6500483;77440
2022-12-21;6506566;77478
2022-12-22;6515108;77514
2022-12-23;6523020;77546
2022-12-24;6526059;77546
2022-12-25;6528288;77546
2022-12-26;6529668;77546
2022-12-27;6543018;77577
2022-12-28;6546293;77619
2022-12-29;6552600;77677
2022-12-30;6560495;77722
2022-12-31;6563605;77722
2023-01-01;6566031;77722
2023-01-02;6567878;77722
2023-01-03;6582419;77777
2023-01-04;6586454;78127
2023-01-05;6593541;78166
2023-01-06;6601432;78198
2023-01-07;6604330;78198
2023-01-08;6606540;78198
2023-01-09;6618315;78224
2023-01-10;6622254;78285
2023-01-11;6626601;78345
2023-01-12;6632546;78380
2023-01-13;6637885;78413
2023-01-14;6639915;78413
2023-01-15;6641533;78413
2023-01-16;6642793;78413
2023-01-17;6653128;78448
2023-01-18;6656713;78492
2023-01-19;6662129;78495
2023-01-20;6664335;78497
2023-01-21;6666239;78497
2023-01-22;6667777;78497
2023-01-23;6679070;78627
2023-01-24;6682326;78679
2023-01-25;6685794;78700
2023-01-26;6690468;78721
2023-01-27;6692351;78723
2023-01-28;6694112;78723
2023-01-29;6695611;78723
2023-01-30;6704403;78808
2023-01-31;6706997;78850
2023-02-01;6710087;78874
2023-02-02;6714356;78902
2023-02-03;6718359;78920
2023-02-04;6719994;78920
2023-02-05;6721204;78920
2023-02-06;6726188;78950
2023-02-07;6728037;78981
2023-02-08;6730531;79017
2023-02-09;6734154;79063
2023-02-10;6737292;79081
2023-02-11;6738718;79081
2023-02-12;6739840;79081
2023-02-13;6744066;79112
2023-02-14;6746028;79141
2023-02-15;6748537;79170
2023-02-16;6751472;79186
2023-02-17;6753973;79203
2023-02-18;6756370;79204
2023-02-19;6757482;79204
2023-02-20;6758339;79204
2023-02-21;6764874;79226
2023-02-22;6764874;79231
2023-02-23;6767680;79264
2023-02-24;6769755;79266
2023-02-25;6770793;79266
2023-02-26;6771746;79266
2023-02-27;6774709;79162
2023-02-28;6776934;79625
2023-03-01;6777357;79643
2023-03-02;6779740;79671
2023-03-03;6781487;79675
2023-03-04;6782482;79675
2023-03-05;6783247;79675
2023-03-06;6785652;79680
2023-03-07;6786691;79689
2023-03-08;6788050;79701
2023-03-09;6789563;79986
2023-03-10;6790972;79962
2023-03-11;6791884;79962
2023-03-12;6792530;79962
2023-03-13;6794582;79964
2023-03-14;6795449;79975
2023-03-15;6796539;79988
2023-03-16;6797987;79975
2023-03-17;6799260;79982
2023-03-18;6800040;79982
2023-03-19;6800591;79982
2023-03-20;6801319;79984
2023-03-21;6802990;79987
2023-03-22;6803974;80138
2023-03-23;6805271;80109
